type,value,source_url,source_title,article_published_at,first_seen
domain,api.telephoneip.net,https://cybersecuritynews.com/hackers-deploy-new-sloppyrat,Hackers Deploy New SloppyRAT via ClickFix to Enable Ransomware Lateral Movement,2026-09-11T09:12:37.000Z,2026-09-11T11:48:11.319Z
domain,api.truesmart.org,https://cybersecuritynews.com/hackers-deploy-new-sloppyrat,Hackers Deploy New SloppyRAT via ClickFix to Enable Ransomware Lateral Movement,2026-09-11T09:12:37.000Z,2026-09-11T11:48:11.319Z
domain,apimantax.otax.fun,https://cybersecuritynews.com/new-android-ransomware,"New Android Ransomware Records Screens, Steals OTPs and Secretly Takes Photos of Victims",2026-09-11T12:14:12.000Z,2026-09-11T20:00:24.570Z
domain,backup-ubt.s3.us-east-1.amazonaws.com,https://cybersecuritynews.com/hackers-deploy-new-sloppyrat,Hackers Deploy New SloppyRAT via ClickFix to Enable Ransomware Lateral Movement,2026-09-11T09:12:37.000Z,2026-09-11T11:48:11.319Z
domain,eemusicclass.co.uk,https://cybersecuritynews.com/hackers-impersonate-ceos,"Hackers Impersonate CEOs in 1 Million Emails to Trick Employees Into $50,000 Payments",2026-09-11T13:38:23.000Z,2026-09-11T20:00:24.570Z
domain,nuf.co.jp,https://cybersecuritynews.com/hackers-impersonate-ceos,"Hackers Impersonate CEOs in 1 Million Emails to Trick Employees Into $50,000 Payments",2026-09-11T13:38:23.000Z,2026-09-11T20:00:24.570Z
domain,stro7121.blob.core.windows.net,https://cybersecuritynews.com/hackers-deploy-new-sloppyrat,Hackers Deploy New SloppyRAT via ClickFix to Enable Ransomware Lateral Movement,2026-09-11T09:12:37.000Z,2026-09-11T11:48:11.319Z
domain,uinsure.co.uk,https://cybersecuritynews.com/hackers-impersonate-ceos,"Hackers Impersonate CEOs in 1 Million Emails to Trick Employees Into $50,000 Payments",2026-09-11T13:38:23.000Z,2026-09-11T20:00:24.570Z
ip,137.184.111.69,https://cybersecuritynews.com/jfrog-artifactory-vulnerabilities-actively-exploited,JFrog Artifactory Vulnerabilities Actively Exploited in the Wild to Gain Administrative Control,2026-09-11T08:17:33.000Z,2026-09-11T11:48:11.319Z
ip,146.19.216.120,https://cybersecuritynews.com/jfrog-artifactory-vulnerabilities-actively-exploited,JFrog Artifactory Vulnerabilities Actively Exploited in the Wild to Gain Administrative Control,2026-09-11T08:17:33.000Z,2026-09-11T11:48:11.319Z
ip,160.191.242.92,https://cybersecuritynews.com/new-kataru-iot-malware,New KATARU IoT Malware Packs Linux Privilege Escalation Exploits and Mirai-Style DDoS Attacks,2026-09-11T14:17:53.000Z,2026-09-11T20:00:24.570Z
ip,185.190.58.172,https://cybersecuritynews.com/jfrog-artifactory-vulnerabilities-actively-exploited,JFrog Artifactory Vulnerabilities Actively Exploited in the Wild to Gain Administrative Control,2026-09-11T08:17:33.000Z,2026-09-11T11:48:11.319Z
ip,3.88.162.79,https://cybersecuritynews.com/jfrog-artifactory-vulnerabilities-actively-exploited,JFrog Artifactory Vulnerabilities Actively Exploited in the Wild to Gain Administrative Control,2026-09-11T08:17:33.000Z,2026-09-11T11:48:11.319Z
ip,45.61.176.88,https://cybersecuritynews.com/jfrog-artifactory-vulnerabilities-actively-exploited,JFrog Artifactory Vulnerabilities Actively Exploited in the Wild to Gain Administrative Control,2026-09-11T08:17:33.000Z,2026-09-11T11:48:11.319Z
ip,64.207.232.6,https://cybersecuritynews.com/jfrog-artifactory-vulnerabilities-actively-exploited,JFrog Artifactory Vulnerabilities Actively Exploited in the Wild to Gain Administrative Control,2026-09-11T08:17:33.000Z,2026-09-11T11:48:11.319Z
ip,93.104.155.133,https://cybersecuritynews.com/jfrog-artifactory-vulnerabilities-actively-exploited,JFrog Artifactory Vulnerabilities Actively Exploited in the Wild to Gain Administrative Control,2026-09-11T08:17:33.000Z,2026-09-11T11:48:11.319Z
sha1,513a907b69edffc3cb77a494da395178d21ef9bd,https://cybersecuritynews.com/jfrog-artifactory-vulnerabilities-actively-exploited,JFrog Artifactory Vulnerabilities Actively Exploited in the Wild to Gain Administrative Control,2026-09-11T08:17:33.000Z,2026-09-11T11:48:11.319Z
sha256,00c116e498799dc831c8aeb602349296c4b9325535d674fe2b6e2e091878dcec,https://cybersecuritynews.com/hackers-deploy-new-sloppyrat,Hackers Deploy New SloppyRAT via ClickFix to Enable Ransomware Lateral Movement,2026-09-11T09:12:37.000Z,2026-09-11T11:48:11.319Z
sha256,13382c16e2401b07451577b46e634b8031ec254d98b876e59692b5fa22abc1d4,https://cybersecuritynews.com/new-kataru-iot-malware,New KATARU IoT Malware Packs Linux Privilege Escalation Exploits and Mirai-Style DDoS Attacks,2026-09-11T14:17:53.000Z,2026-09-11T20:00:24.570Z
sha256,1439990ff65364a0f608a322aa3a493bc1683cb5fc30cffc44948da29623fffd,https://cybersecuritynews.com/hackers-deploy-new-sloppyrat,Hackers Deploy New SloppyRAT via ClickFix to Enable Ransomware Lateral Movement,2026-09-11T09:12:37.000Z,2026-09-11T11:48:11.319Z
sha256,2f3d95de716f330fad2330d8787ebdbecb3322453bdc41b2113427f9f92d32d2,https://cybersecuritynews.com/hackers-deploy-new-sloppyrat,Hackers Deploy New SloppyRAT via ClickFix to Enable Ransomware Lateral Movement,2026-09-11T09:12:37.000Z,2026-09-11T11:48:11.319Z
sha256,3a8994928f512fffcb32e117ac45e0ee093541d99a9dba5f69a264f7f3054b19,https://cybersecuritynews.com/hackers-deploy-new-sloppyrat,Hackers Deploy New SloppyRAT via ClickFix to Enable Ransomware Lateral Movement,2026-09-11T09:12:37.000Z,2026-09-11T11:48:11.319Z
sha256,466f9b8dce77b3a026fe4f833aa4949784fb854bea4137e52609e857d439dec8,https://cybersecuritynews.com/hackers-deploy-new-sloppyrat,Hackers Deploy New SloppyRAT via ClickFix to Enable Ransomware Lateral Movement,2026-09-11T09:12:37.000Z,2026-09-11T11:48:11.319Z
sha256,4ecb2d06510dfee1b67f5d9a68c60f6d09ddb5be36cc1766a41d77c5b89d3a56,https://cybersecuritynews.com/hackers-deploy-new-sloppyrat,Hackers Deploy New SloppyRAT via ClickFix to Enable Ransomware Lateral Movement,2026-09-11T09:12:37.000Z,2026-09-11T11:48:11.319Z
sha256,518cd57a303ff7ac2b5c4c8439aa5bcbf9a287d4653de7b76051bde73a94d064,https://cybersecuritynews.com/hackers-deploy-new-sloppyrat,Hackers Deploy New SloppyRAT via ClickFix to Enable Ransomware Lateral Movement,2026-09-11T09:12:37.000Z,2026-09-11T11:48:11.319Z
sha256,607212cfe73c5c84b2dd95b2c0ff37a47f4c8aad08e6d5cbb7c19a62c6b765f9,https://cybersecuritynews.com/hackers-deploy-new-sloppyrat,Hackers Deploy New SloppyRAT via ClickFix to Enable Ransomware Lateral Movement,2026-09-11T09:12:37.000Z,2026-09-11T11:48:11.319Z
sha256,680c3a9f5fdddfcc34856c7a67d21bbdd2b47d70bdfb829ff59cfa0e3bc72d21,https://cybersecuritynews.com/hackers-deploy-new-sloppyrat,Hackers Deploy New SloppyRAT via ClickFix to Enable Ransomware Lateral Movement,2026-09-11T09:12:37.000Z,2026-09-11T11:48:11.319Z
sha256,6d50bb50d4e7d6ac36ca6d2761f382be8e1ddbebf3cdf4733cf989ba291f9013,https://cybersecuritynews.com/hackers-deploy-new-sloppyrat,Hackers Deploy New SloppyRAT via ClickFix to Enable Ransomware Lateral Movement,2026-09-11T09:12:37.000Z,2026-09-11T11:48:11.319Z
sha256,6fbae3505ae0d638b820165c572d548ce92dda71e82dc47e8efe13f30617f35f,https://cybersecuritynews.com/new-kataru-iot-malware,New KATARU IoT Malware Packs Linux Privilege Escalation Exploits and Mirai-Style DDoS Attacks,2026-09-11T14:17:53.000Z,2026-09-11T20:00:24.570Z
sha256,7bb025b426ae6ccbc170fbca58634b8dd77a61447e48dabe9c2e2fb0d339d8b7,https://cybersecuritynews.com/hackers-deploy-new-sloppyrat,Hackers Deploy New SloppyRAT via ClickFix to Enable Ransomware Lateral Movement,2026-09-11T09:12:37.000Z,2026-09-11T11:48:11.319Z
sha256,8774533134d9d1514106c4090a0c5bccab4550facdcfe03f4e02b9764343a990,https://cybersecuritynews.com/hackers-deploy-new-sloppyrat,Hackers Deploy New SloppyRAT via ClickFix to Enable Ransomware Lateral Movement,2026-09-11T09:12:37.000Z,2026-09-11T11:48:11.319Z
sha256,93273ea09bd9df881a594db8cfe1b1bbc54f40f623f44427278ae96fb9b46490,https://cybersecuritynews.com/hackers-deploy-new-sloppyrat,Hackers Deploy New SloppyRAT via ClickFix to Enable Ransomware Lateral Movement,2026-09-11T09:12:37.000Z,2026-09-11T11:48:11.319Z
sha256,971f25f84be88c4fd304d555b5e3da12f6b368e4b9ba0943961ff21ba6fa4d4d,https://cybersecuritynews.com/hackers-deploy-new-sloppyrat,Hackers Deploy New SloppyRAT via ClickFix to Enable Ransomware Lateral Movement,2026-09-11T09:12:37.000Z,2026-09-11T11:48:11.319Z
sha256,9d7cd4948a1fcbaeadc425752fce9a933bd6fc41eeede030dffd7b99b3bc51d5,https://cybersecuritynews.com/new-kataru-iot-malware,New KATARU IoT Malware Packs Linux Privilege Escalation Exploits and Mirai-Style DDoS Attacks,2026-09-11T14:17:53.000Z,2026-09-11T20:00:24.570Z
sha256,9d87e6615c810907443ebd5e915f3b35099c3b5c6b6c684637138a7f8ec9cebc,https://cybersecuritynews.com/new-kataru-iot-malware,New KATARU IoT Malware Packs Linux Privilege Escalation Exploits and Mirai-Style DDoS Attacks,2026-09-11T14:17:53.000Z,2026-09-11T20:00:24.570Z
sha256,9f84cfcf988530941555d1cb7780a091743cf567396201eff7731f5475768f9a,https://cybersecuritynews.com/hackers-deploy-new-sloppyrat,Hackers Deploy New SloppyRAT via ClickFix to Enable Ransomware Lateral Movement,2026-09-11T09:12:37.000Z,2026-09-11T11:48:11.319Z
sha256,a13fcbb0870f2fabb7e0a8c757ee3b763bd4a4b0cdf59eeff981d8e307fcf316,https://cybersecuritynews.com/hackers-deploy-new-sloppyrat,Hackers Deploy New SloppyRAT via ClickFix to Enable Ransomware Lateral Movement,2026-09-11T09:12:37.000Z,2026-09-11T11:48:11.319Z
sha256,bdcf8fe230e23692b658b62b6547374e2234f2a497b19d26637018a1839e6dfd,https://cybersecuritynews.com/hackers-deploy-new-sloppyrat,Hackers Deploy New SloppyRAT via ClickFix to Enable Ransomware Lateral Movement,2026-09-11T09:12:37.000Z,2026-09-11T11:48:11.319Z
sha256,c0ef62a2d5ca11c2eedad3561d5d1d8b6e9847aa6b8613493e5bc233ece3d189,https://cybersecuritynews.com/hackers-deploy-new-sloppyrat,Hackers Deploy New SloppyRAT via ClickFix to Enable Ransomware Lateral Movement,2026-09-11T09:12:37.000Z,2026-09-11T11:48:11.319Z
sha256,cb9930d0cde5bf8e8a7ad08fe2c60b937c7beaf9ab51b03191dfcaba40b7b189,https://cybersecuritynews.com/hackers-deploy-new-sloppyrat,Hackers Deploy New SloppyRAT via ClickFix to Enable Ransomware Lateral Movement,2026-09-11T09:12:37.000Z,2026-09-11T11:48:11.319Z
sha256,cc76bc218627279ecb4d0ce74ad2651e9db9e3e843e35d6569576e056e3a9218,https://cybersecuritynews.com/new-kataru-iot-malware,New KATARU IoT Malware Packs Linux Privilege Escalation Exploits and Mirai-Style DDoS Attacks,2026-09-11T14:17:53.000Z,2026-09-11T20:00:24.570Z
sha256,eaa52d2d6d4daf29157e8e813247fb2e92797324230ee42c79f7861b2f5c341d,https://cybersecuritynews.com/hackers-deploy-new-sloppyrat,Hackers Deploy New SloppyRAT via ClickFix to Enable Ransomware Lateral Movement,2026-09-11T09:12:37.000Z,2026-09-11T11:48:11.319Z
sha256,f534a957edec74d69081665309311b791b6d11a3221fffa67744812d73ad98eb,https://cybersecuritynews.com/hackers-deploy-new-sloppyrat,Hackers Deploy New SloppyRAT via ClickFix to Enable Ransomware Lateral Movement,2026-09-11T09:12:37.000Z,2026-09-11T11:48:11.319Z
sha256,ff142fc192daa2a83bc565e5b38ebbe05561f3a19c7fc2d08e38c97e1986bbc5,https://cybersecuritynews.com/hackers-deploy-new-sloppyrat,Hackers Deploy New SloppyRAT via ClickFix to Enable Ransomware Lateral Movement,2026-09-11T09:12:37.000Z,2026-09-11T11:48:11.319Z
url,http://3.88.162.79:36789/smtp,https://cybersecuritynews.com/jfrog-artifactory-vulnerabilities-actively-exploited,JFrog Artifactory Vulnerabilities Actively Exploited in the Wild to Gain Administrative Control,2026-09-11T08:17:33.000Z,2026-09-11T11:48:11.319Z
url,http://log.gitclone.org:45678/smtp,https://cybersecuritynews.com/jfrog-artifactory-vulnerabilities-actively-exploited,JFrog Artifactory Vulnerabilities Actively Exploited in the Wild to Gain Administrative Control,2026-09-11T08:17:33.000Z,2026-09-11T11:48:11.319Z
url,https://apimantax.otax.fun,https://cybersecuritynews.com/new-android-ransomware,"New Android Ransomware Records Screens, Steals OTPs and Secretly Takes Photos of Victims",2026-09-11T12:14:12.000Z,2026-09-11T20:00:24.570Z
